<?xml version="1.0" encoding="UTF-8" standalone="yes"?>
<workbook xmlns="http://schemas.openxmlformats.org/spreadsheetml/2006/main" xmlns:r="http://schemas.openxmlformats.org/officeDocument/2006/relationships" xmlns:mc="http://schemas.openxmlformats.org/markup-compatibility/2006" mc:Ignorable="x15 xr xr6 xr10 xr2" xmlns:x15="http://schemas.microsoft.com/office/spreadsheetml/2010/11/main" xmlns:xr="http://schemas.microsoft.com/office/spreadsheetml/2014/revision" xmlns:xr6="http://schemas.microsoft.com/office/spreadsheetml/2016/revision6" xmlns:xr10="http://schemas.microsoft.com/office/spreadsheetml/2016/revision10" xmlns:xr2="http://schemas.microsoft.com/office/spreadsheetml/2015/revision2"><fileVersion appName="xl" lastEdited="7" lowestEdited="7" rupBuild="24527"/><workbookPr defaultThemeVersion="166925"/><mc:AlternateContent xmlns:mc="http://schemas.openxmlformats.org/markup-compatibility/2006"><mc:Choice Requires="x15"><x15ac:absPath url="C:\OKTATÁS_2021_22\IKT_II_mátix_óra\2021_11_22_excel_titkosítás_feloldása\" xmlns:x15ac="http://schemas.microsoft.com/office/spreadsheetml/2010/11/ac"/></mc:Choice></mc:AlternateContent><xr:revisionPtr revIDLastSave="0" documentId="13_ncr:1_{80204BBE-E7CC-4CBE-B915-5A86A101C549}" xr6:coauthVersionLast="47" xr6:coauthVersionMax="47" xr10:uidLastSave="{00000000-0000-0000-0000-000000000000}"/><workbookProtection workbookAlgorithmName="SHA-512" workbookHashValue="nHZsnsEdoPblBAbmTvSPja2q7rZRGBF59CWhD8one1/sqMjhoteprcPrJKZbXg4MLlqvI6/Bt2yAcpU+xfUmGw==" workbookSaltValue="GbEWYnrvq3dwpFwrlea6IA==" workbookSpinCount="100000" lockStructure="1"/><bookViews><workbookView xWindow="-120" yWindow="-120" windowWidth="20730" windowHeight="11160" xr2:uid="{0D78B819-8279-4EB0-B6B8-294A2DCE6A7D}"/></bookViews><sheets><sheet name="Munka1" sheetId="1" r:id="rId1"/></sheets><calcPr calcId="191029"/><extLst><ext uri="{140A7094-0E35-4892-8432-C4D2E57EDEB5}" xmlns:x15="http://schemas.microsoft.com/office/spreadsheetml/2010/11/main"><x15:workbookPr chartTrackingRefBase="1"/></ext><ext uri="{B58B0392-4F1F-4190-BB64-5DF3571DCE5F}" xmlns:xcalcf="http://schemas.microsoft.com/office/spreadsheetml/2018/calcfeatures"><xcalcf:calcFeatures><xcalcf:feature name="microsoft.com:RD"/><xcalcf:feature name="microsoft.com:FV"/><xcalcf:feature name="microsoft.com:LET_WF"/></xcalcf:calcFeatures></ext></extLst></workbook>